name,phone,city,postalCode,countryCode
Rustic Metal Pizza,+33 136587869,Port Gabriel,03942,FR
Small Steel Computer,+33 366632714,Mathisburgh,03913,FR
Handcrafted Fresh Soap,0414728105,South Océane,71997,FR
Small Concrete Mouse,+33 533402361,East Maxime,,GN
Small Fresh Shoes,+33 476041681,New Manonland,38112,FR
Gorgeous Frozen Keyboard,0688659845,Lake Emilie,60419,FR
Incredible Plastic Chair,+33 613914195,New Pierreton,40645,FR
Tasty Metal Keyboard,+33 734442402,Ethanburgh,00235,FR
Licensed Concrete Towels,0232979736,West Aliciaville,,BQ
Incredible Rubber Salad,+33 745646874,New Alexandretown,99687,FR
Fantastic Concrete Mouse,+33 192688319,East Chloé,36055,FR
Fantastic Plastic Tuna,+33 583804468,Nguyenton,03418,FR
Practical Fresh Computer,0749045821,Port Anaïsland,26876,FR
Rustic Steel Soap,+33 121870601,Barreport,40350,FR
Intelligent Wooden Chair,+33 548943348,West Alexandrechester,,UY
Practical Fresh Gloves,0543173572,Bonnetberg,80723,FR
Licensed Fresh Pizza,0206834904,Dumasbury,59314,FR
Sleek Fresh Soap,+33 361661031,Aliciaport,18173,FR
Sleek Frozen Gloves,0752826356,Camilleborough,19671,FR
Gorgeous Steel Pants,+33 495163077,Port Juleshaven,90663,FR
Tasty Concrete Keyboard,0493985236,Rouxbury,,DE
Tasty Granite Hat,0719876190,Port Adamberg,63857,FR
Refined Plastic Pizza,+33 315877996,Bourgeoisborough,07080,FR
Licensed Concrete Salad,+33 709358896,West Nathan,46703,FR
Small Metal Soap,+33 164480352,Port Antoineville,11234,FR
Gorgeous Wooden Tuna,+33 665478277,Noahfort,21590,FR
Rustic Frozen Cheese,0633507389,Mathieumouth,89282,FR
Ergonomic Frozen Computer,+33 595923799,North Anaïstown,52550,FR
Gorgeous Steel Shirt,0596003459,South Yanisport,36946,FR
Refined Fresh Computer,+33 316007296,Lake Mohamedton,33600,FR
Fantastic Soft Salad,+33 114762990,West Maxence,63136,FR
Awesome Steel Towels,+33 529119903,North Quentinbury,,GM
Incredible Cotton Gloves,0198955691,South Charlotte,63612,FR
Handcrafted Metal Mouse,+33 390419675,West Lounamouth,37793,FR
Awesome Soft Chips,0362779566,Port Chloéside,78029,FR
Handcrafted Wooden Keyboard,+33 604549701,Alexiston,41379,FR
Unbranded Fresh Table,0662429601,Brunetview,,MC
Intelligent Granite Tuna,+33 548710296,Colletborough,94152,FR
Ergonomic Plastic Tuna,0505606772,Rogermouth,51315,FR
Tasty Cotton Hat,0276165479,Julienfurt,55375,FR
Refined Soft Tuna,+33 556954681,South Noémieton,61144,FR
Generic Metal Keyboard,+33 408672291,Vincentburgh,86323,FR
Tasty Frozen Shirt,+33 275401356,Lisatown,71742,FR
Handcrafted Cotton Shirt,+33 347720077,Port Jademouth,17593,FR
Handmade Fresh Gloves,+33 691212114,North Marie,70836,FR
Sleek Soft Soap,+33 189823407,Lake Pierreview,49389,FR
Incredible Cotton Pizza,+33 182026818,Quentinville,60446,FR
Licensed Soft Chicken,0416060053,East Jules,64822,FR
Intelligent Wooden Chips,+33 380812935,Evanport,22471,FR
Handcrafted Rubber Ball,0197154290,Port Noamouth,32935,FR
Ergonomic Granite Soap,+33 524746875,Lake Céliabury,06589,FR
Refined Rubber Sausages,+33 258760309,New Chloé,76335,FR
Generic Granite Keyboard,0445337931,Julienmouth,40330,FR
Sleek Steel Fish,+33 213917793,Lefevreton,61414,FR
Sleek Rubber Chips,+33 658538846,South Quentin,17339,FR
Awesome Fresh Keyboard,0392246731,South Juliette,,RE
Awesome Steel Pizza,0128536743,West Manon,46441,FR
Intelligent Fresh Table,0675399032,North Mathis,11935,FR
Intelligent Frozen Fish,0790461901,Valentinhaven,45178,FR
Fantastic Plastic Chair,0358843369,West Victorborough,04245,FR
Fantastic Concrete Pizza,+33 579301166,Huetfort,10270,FR
Handmade Cotton Bacon,+33 104909592,East Lou,45438,FR
Refined Frozen Soap,0603830771,Sachaside,74768,FR
Unbranded Metal Tuna,0608592012,North Manon,19710,FR
Ergonomic Cotton Salad,0250093415,Leclercborough,34696,FR
Incredible Granite Car,0619932630,South Romain,00404,FR
Tasty Cotton Ball,+33 173387901,Mathéomouth,17462,FR
Awesome Frozen Mouse,+33 702938504,Emilieport,21508,FR
Unbranded Concrete Gloves,0287061882,Lake Manon,70957,FR
Intelligent Wooden Cheese,0748930687,Jeanburgh,27285,FR
Sleek Fresh Bike,+33 609651982,Brunstad,89761,FR
Intelligent Concrete Bacon,+33 673913385,Evantown,91512,FR
Unbranded Granite Car,+33 498528287,Andreside,00425,FR
Fantastic Frozen Table,0449874890,Maevaton,93529,FR
Small Soft Chair,0682064805,North Océaneville,,RU
Sleek Fresh Gloves,+33 242580621,East Quentintown,,TJ
Licensed Metal Fish,0257333097,Bertrandville,83754,FR
Generic Cotton Pizza,0209652436,Manonfort,85389,FR
Incredible Concrete Shirt,+33 442453662,Baptisteville,38196,FR
Handmade Frozen Sausages,0246512884,Perrotchester,05570,FR
Intelligent Rubber Bike,0244279949,Kylianbury,40073,FR
Generic Fresh Table,+33 363388389,North Carla,26717,FR
Generic Soft Shirt,+33 411385422,New Anaïsshire,57272,FR
Awesome Steel Bike,+33 175148559,East Maelhaven,18605,FR
Small Granite Hat,+33 710229058,Charlotteland,33225,FR
Sleek Wooden Sausages,0521993638,West Justine,,SI
Tasty Steel Tuna,0136990903,Maëlleshire,,TN
Gorgeous Granite Table,0504364766,Colletchester,97437,FR
Generic Metal Salad,+33 719047021,Merciertown,83930,FR
Fantastic Metal Table,+33 435167601,Menardburgh,97649,FR
Generic Wooden Keyboard,+33 771858529,Lake Ambre,58922,FR
Gorgeous Granite Salad,0317337183,Marieland,44626,FR
Ergonomic Concrete Car,0161645425,Dumontmouth,69624,FR
Practical Soft Towels,+33 537853615,Faureton,82934,FR
Tasty Cotton Shoes,0608918303,Alicetown,39060,FR
Ergonomic Cotton Chair,+33 320313583,Lounamouth,93835,FR
Licensed Granite Cheese,+33 694210888,Da silvafurt,,CZ
Fantastic Cotton Shirt,0674105260,Faurefort,39976,FR
Gorgeous Cotton Table,0587166488,Guyotstad,60081,FR
Rustic Plastic Towels,+33 397731393,Port Paultown,,GD
Rustic Metal Car,+33 759547582,Sachaport,35664,FR
Rustic Fresh Table,0222489115,East Noa,30930,FR
Incredible Steel Fish,+33 313588462,South Noémieton,21710,FR
Sleek Soft Hat,+33 662538717,Alexiston,,PL
Unbranded Concrete Computer,0529870284,Ambrehaven,12541,FR
Rustic Concrete Sausages,+33 369062875,Enzoland,61664,FR
Handmade Plastic Table,0448629484,North Louna,91086,FR
Fantastic Fresh Mouse,0472203143,Brunetmouth,76611,FR
Licensed Wooden Table,+33 675302281,New Kylian,24524,FR
Handcrafted Plastic Fish,+33 109459146,East Tomhaven,79281,FR
Fantastic Wooden Ball,0497232981,Leclercbury,50736,FR
Gorgeous Granite Chair,+33 798668040,East Adamtown,62177,FR
Intelligent Soft Chicken,+33 764955293,Lake Maevafurt,36907,FR
Unbranded Wooden Table,0417777601,New Sachamouth,94607,FR
Handcrafted Rubber Chicken,+33 337752485,North Elisaburgh,70594,FR
Handmade Steel Soap,+33 428484467,Duboisstad,39046,FR
Sleek Fresh Pants,0238777262,North Louchester,03236,FR
Licensed Concrete Mouse,0599603675,North Lounamouth,65511,FR
Rustic Metal Tuna,+33 768653869,Lake Yanisfort,19377,FR
Ergonomic Steel Towels,+33 578585012,Justinehaven,27992,FR
Unbranded Frozen Towels,+33 758059250,Vasseurberg,,CF
Gorgeous Soft Chicken,0460046090,Nicolasberg,47127,FR
Rustic Soft Bacon,+33 704547155,Lake Camillehaven,12722,FR
Ergonomic Plastic Ball,0347037939,South Alicetown,40029,FR
Awesome Metal Bike,0767277464,Morinville,47688,FR
Tasty Rubber Hat,+33 298880720,North Enzo,31979,FR
Incredible Granite Chips,+33 489421811,East Evahaven,07016,FR
Handmade Metal Chicken,0417775246,Mattéoland,96921,FR
Sleek Granite Pizza,+33 587200154,New Clara,99653,FR
Intelligent Soft Mouse,+33 554921914,Aliceburgh,12947,FR
Small Plastic Shoes,+33 333641692,Céliaberg,58812,FR
Rustic Metal Computer,0338987534,Baptisteton,12774,FR
Intelligent Steel Soap,0502714791,North Juliette,45600,FR
Handcrafted Steel Pants,+33 719832841,West Maxenceland,29571,FR
Small Metal Cheese,0775873802,South Sarahland,89019,FR
Practical Granite Keyboard,0264978784,Auberttown,51445,FR
Sleek Soft Fish,0662002021,Port Adrienville,58848,FR
Gorgeous Metal Chair,+33 614897134,South Enzoburgh,63586,FR
Ergonomic Granite Computer,0768695212,Lolabury,65380,FR
Practical Rubber Bike,0798307638,Port Carlafort,05886,FR
Small Metal Car,+33 577143388,Mathieuton,37222,FR
Awesome Metal Mouse,0312051302,Colinburgh,93981,FR
Sleek Frozen Sausages,0182120161,Aubertview,08809,FR
Intelligent Frozen Table,0153902750,New Kylianstad,80599,FR
Gorgeous Plastic Computer,0463455525,Thomasmouth,93690,FR
Fantastic Soft Tuna,0781822613,Maxencestad,,GG
Handmade Cotton Pants,0639091065,Lake Louis,53827,FR
Ergonomic Cotton Tuna,+33 743072605,West Maëlystown,73470,FR
Handmade Plastic Gloves,+33 123479733,East Mohamed,81312,FR
Sleek Soft Bacon,0227795237,Enzoville,37142,FR
Awesome Wooden Cheese,+33 454925601,West Sarahview,45176,FR
Practical Soft Ball,+33 241652194,Lake Romainmouth,88035,FR
Ergonomic Rubber Ball,+33 785129791,Lake Pierre,46777,FR
Handmade Rubber Bacon,+33 196985539,New Laura,78268,FR
Awesome Fresh Pants,+33 576998832,Julieville,03582,FR
Awesome Wooden Gloves,0164702087,Port Léaside,,IM
Practical Concrete Shirt,+33 691999825,North Mélissastad,,ID
Handcrafted Wooden Soap,0151546132,Rodriguezmouth,88255,FR
Handmade Rubber Mouse,+33 778683307,East Rayan,,LR
Small Granite Pizza,0220843008,North Maximetown,56871,FR
Intelligent Wooden Chair,+33 567384770,Port Noah,,ES
Practical Soft Keyboard,+33 575924597,New Ethan,32850,FR
Licensed Soft Pants,+33 392396727,Denismouth,66417,FR
Handcrafted Plastic Shirt,+33 306076249,Gautierview,55553,FR
Sleek Concrete Shoes,+33 270805274,Carrestad,80138,FR
Gorgeous Metal Cheese,+33 309442629,Julienhaven,07939,FR
Unbranded Frozen Sausages,+33 757104194,East Juliettefort,01480,FR
Practical Rubber Shirt,+33 709398589,Thomasville,,MA
Small Frozen Towels,+33 296423279,Bernardmouth,37107,FR
Handmade Rubber Table,+33 722001029,Mathildemouth,91735,FR
Small Plastic Car,0294399965,West Jules,19865,FR
Licensed Cotton Chicken,0440529779,Guyotside,30030,FR
Tasty Cotton Gloves,+33 512427825,Gabrielchester,,BM
Handcrafted Cotton Bike,0236988847,Lake Lisa,84515,FR
Refined Wooden Keyboard,+33 724290471,Dupuyfurt,98478,FR
Gorgeous Concrete Pants,+33 422385029,Carrehaven,37646,FR
Practical Fresh Car,0586145917,North Noahmouth,51127,FR
Sleek Granite Keyboard,+33 345484609,Lecomtemouth,,FI
Awesome Concrete Fish,0336289890,Chloébury,06654,FR
Handcrafted Granite Mouse,0434056419,Mathéofurt,87211,FR
Handcrafted Concrete Shirt,0418306025,North Loustad,41939,FR
Ergonomic Rubber Fish,0587069603,Robinview,22223,FR
Licensed Plastic Cheese,+33 483058260,West Alexis,,KE
Tasty Steel Keyboard,0182767566,Chevaliermouth,37847,FR
Licensed Wooden Hat,+33 762378984,Lake Mattéotown,56367,FR
Licensed Metal Ball,+33 132194586,Thomasburgh,83095,FR
Awesome Granite Fish,0218260135,Adamborough,37070,FR
Sleek Wooden Gloves,+33 485621068,Port Manon,28607,FR
Gorgeous Rubber Towels,0403009387,North Célia,34979,FR
Rustic Rubber Pizza,+33 177583921,West Louisefort,74871,FR
Intelligent Rubber Mouse,0568006702,West Juleston,92915,FR
Ergonomic Wooden Mouse,+33 153439747,West Lola,85883,FR
Incredible Metal Bacon,0677592887,Aubryberg,,GN
Practical Rubber Towels,+33 579582639,Port Zoeview,66843,FR
Small Metal Computer,+33 290616677,Océanefort,09808,FR
Intelligent Steel Keyboard,0539997797,Alicechester,11710,FR
Gorgeous Frozen Shirt,+33 354698036,Jolyville,99488,FR
Gorgeous Soft Chair,+33 438466133,South Ambretown,34304,FR
Rustic Metal Bike,0166237761,New Ines,04745,FR
Sleek Cotton Keyboard,0131151188,Céliafort,69816,FR
Tasty Rubber Bike,0274887722,West Yanisberg,00670,FR
Handmade Concrete Pants,+33 646772428,Romaneview,29350,FR
Licensed Steel Computer,0775557522,Mattéoshire,84418,FR
Generic Wooden Table,+33 269428952,Carreland,56826,FR
Small Soft Shoes,0621738668,South Rayanchester,21824,FR
Sleek Steel Table,0194357541,Caronfurt,32327,FR
Rustic Granite Shirt,0599222859,South Noaton,72035,FR
Small Soft Soap,+33 426514802,New Sachashire,78920,FR
Incredible Metal Fish,+33 452610843,Clarafort,41936,FR
Rustic Concrete Towels,0309940579,Durandchester,99299,FR
Intelligent Metal Keyboard,0631131794,Laurentport,03549,FR
Incredible Wooden Table,+33 737078118,Port Alexis,87975,FR
Incredible Fresh Pants,+33 262652572,Maëllemouth,05803,FR
Tasty Fresh Computer,+33 482027261,Adamchester,79457,FR
Licensed Granite Keyboard,+33 373338214,Noelmouth,44730,FR
Awesome Fresh Keyboard,0254296240,North Eva,78628,FR
Tasty Soft Bike,+33 794831291,Lainemouth,,SX
Incredible Rubber Hat,+33 156253335,Port Léomouth,64143,FR
Small Steel Cheese,0184287945,Schmitthaven,04718,FR
Refined Rubber Chips,+33 546456569,East Carlafurt,97110,FR
Ergonomic Wooden Hat,0462951469,Lisashire,05964,FR
Tasty Frozen Chips,+33 424946183,Fontaineberg,04959,FR
Handcrafted Fresh Bike,0469319124,Gautierfurt,37668,FR
Small Metal Mouse,0646366908,Lopeztown,49625,FR
Intelligent Cotton Soap,+33 309079247,East Louis,45196,FR
Ergonomic Cotton Tuna,0294938832,Charlesmouth,83832,FR
Handmade Fresh Pants,0150767406,Mélissaton,83316,FR
Licensed Granite Cheese,0155376629,Port Adamville,53060,FR
Sleek Concrete Chicken,+33 279050495,Ethanmouth,,NG
Refined Steel Bike,+33 204244654,Jacquetstad,68214,FR
Generic Rubber Mouse,+33 624626241,Julienmouth,75609,FR
Generic Concrete Chicken,0451483737,New Adamtown,01879,FR
Generic Plastic Pants,0438578399,New Emilie,03584,FR
Intelligent Wooden Salad,+33 161570309,Remyberg,46437,FR
Tasty Cotton Pizza,0655368444,New Gabrielland,31413,FR
Practical Wooden Bike,0276131252,North Antoine,46012,FR
Refined Steel Fish,0191793616,North Hugoside,97073,FR
Tasty Metal Sausages,0189169694,Nicolasmouth,60999,FR
Incredible Cotton Fish,+33 518520386,West Sarahview,32015,FR
Rustic Wooden Salad,0666247972,North Mohamedmouth,01605,FR
Incredible Concrete Hat,0309006032,Romanebury,11711,FR
Handmade Granite Bacon,+33 258355927,New Lisa,75026,FR
Licensed Concrete Bacon,0558934801,New Enzo,32725,FR
Fantastic Frozen Fish,0641603973,Chloéburgh,71177,FR
Handcrafted Wooden Chair,0482685814,Leroychester,17599,FR
Small Rubber Shirt,0489874827,Noahfort,63399,FR
Handcrafted Granite Sausages,+33 361166486,East Sachaville,20628,FR
Ergonomic Metal Chips,+33 556189968,Michelborough,66839,FR
Awesome Rubber Car,0672660363,Barremouth,62489,FR
Refined Cotton Ball,0263702225,Nguyenstad,68117,FR
Practical Soft Pizza,+33 387456470,Charpentierfurt,38091,FR
Awesome Plastic Bike,+33 403671166,Clarashire,92514,FR
Fantastic Rubber Mouse,0357670283,Andreberg,63663,FR
Incredible Concrete Chair,+33 270191710,Nguyenchester,04541,FR
Handcrafted Granite Cheese,0422613925,Lake Céliafort,64914,FR
Licensed Metal Sausages,0731182256,Lake Maëlys,49748,FR
Incredible Steel Sausages,0389579275,Port Sarahfurt,61643,FR
Practical Cotton Mouse,0126766684,Simontown,32023,FR
Handcrafted Plastic Pizza,0696726573,Thomastown,72259,FR
Practical Frozen Table,0632850249,Port Eva,,GM
Intelligent Fresh Cheese,+33 664748653,Dupuyfort,42694,FR
Refined Frozen Shoes,+33 239666843,Perrinport,,VA
Intelligent Fresh Tuna,+33 502588325,North Baptiste,14701,FR
Intelligent Plastic Sausages,+33 743652570,South Océanebury,12212,FR
Fantastic Plastic Car,+33 284817349,West Hugo,77959,FR
Practical Granite Fish,0368511221,Claraport,07916,FR
Refined Metal Shoes,0114667408,North Lilou,81958,FR
Sleek Frozen Ball,0452629881,Bourgeoiston,,SN
Refined Cotton Sausages,0235862317,Sachaburgh,34791,FR
Handcrafted Granite Mouse,+33 547351638,North Louise,86131,FR
Sleek Metal Soap,0356331986,Marieview,12054,FR
Refined Concrete Salad,0438015556,Adrienville,75771,FR
Awesome Rubber Shoes,0306846005,Tomville,17779,FR
Awesome Wooden Salad,+33 593658434,New Valentin,,IM
Handmade Soft Mouse,0572678688,South Camillemouth,04149,FR
Sleek Soft Hat,0562641016,Port Romane,39285,FR
Intelligent Metal Shirt,0686762404,Léoborough,62036,FR
Fantastic Soft Salad,0309635079,New Elisa,06131,FR
Licensed Concrete Bacon,+33 624239356,Duvalville,17352,FR
Tasty Fresh Chips,0668157842,Port Lilou,08548,FR
Handmade Plastic Hat,0278392216,Vincentborough,,GF
Tasty Granite Shoes,+33 456217467,Lake Mattéo,43874,FR
Intelligent Frozen Soap,+33 162718681,Rousselbury,35045,FR
Awesome Granite Mouse,0359350940,East Mohamedside,54214,FR
Licensed Soft Salad,+33 543852444,Victorberg,60231,FR
Awesome Concrete Salad,+33 735748859,North Alicia,73251,FR
Unbranded Concrete Chair,+33 145116155,Denisberg,81102,FR
Awesome Steel Sausages,0367968497,Moreaushire,66670,FR
Ergonomic Concrete Pizza,+33 444780922,Mélissamouth,60286,FR
Practical Fresh Tuna,+33 138775903,South Raphaël,66584,FR
Intelligent Metal Shoes,+33 113955113,Laineville,31581,FR
Small Soft Shoes,0578103116,North Ineshaven,55271,FR
Incredible Concrete Soap,+33 602694852,Mohamedfort,,IM
Unbranded Wooden Chicken,0303534440,Louisbury,,SX
Tasty Rubber Keyboard,0587129296,East Charlottemouth,71535,FR
Incredible Rubber Mouse,0783842555,Adamview,67475,FR
Intelligent Metal Gloves,+33 598398255,Maevamouth,31149,FR
Small Granite Keyboard,+33 268604353,Guillaumeshire,85465,FR
Licensed Granite Fish,+33 616741939,New Mathéoview,50234,FR
Refined Fresh Chicken,0464927366,Port Lucas,17896,FR
Sleek Wooden Cheese,+33 686394282,Léoside,81040,FR
Small Metal Keyboard,+33 671566879,Léashire,09843,FR
Tasty Steel Keyboard,0702280459,Duboisfort,07753,FR
Gorgeous Soft Keyboard,0358385549,South Léo,56685,FR
Handcrafted Wooden Shoes,+33 186989489,New Jadeland,38248,FR
Ergonomic Rubber Cheese,0676405497,Roytown,82923,FR
Unbranded Metal Gloves,0305722481,South Zoe,32473,FR
Generic Wooden Chicken,0736058882,Victormouth,87512,FR
Incredible Concrete Bike,+33 274347364,South Noémie,18340,FR
Handcrafted Plastic Gloves,0167587434,South Mathéohaven,38523,FR
Gorgeous Cotton Fish,0130351757,East Pierre,86960,FR
Intelligent Frozen Keyboard,+33 455889366,Axelside,39897,FR
Unbranded Granite Pants,+33 406260929,Emiliechester,,PG
Tasty Fresh Fish,0134093299,Philippeburgh,12607,FR
Rustic Steel Towels,+33 702159515,Richardberg,83516,FR
Gorgeous Plastic Computer,0424868670,West Julesstad,28807,FR
Practical Plastic Hat,0669008793,Port Camilleview,67858,FR
Sleek Granite Pants,+33 123121528,Petitport,69418,FR
Intelligent Granite Fish,0550495063,Lake Louisstad,47208,FR
Handcrafted Metal Tuna,+33 336995810,South Clara,60240,FR
Incredible Soft Chicken,0338117089,Andreburgh,80138,FR
Practical Soft Pizza,+33 607681079,East Louna,51298,FR
Awesome Metal Table,0422765150,Ambreshire,48629,FR
Awesome Cotton Fish,0787739383,New Sacha,90394,FR
Tasty Metal Sausages,0636317011,Port Hugo,96664,FR
Sleek Concrete Shirt,0609422916,Lake Mattéomouth,96077,FR
Awesome Plastic Shirt,0304240383,Vidalland,55093,FR
Intelligent Soft Salad,+33 509117338,Valentinland,11493,FR
Intelligent Plastic Keyboard,0751172235,Maelshire,97723,FR
Licensed Granite Towels,+33 445147232,West Lucie,97148,FR
Practical Fresh Table,+33 581201090,New Romane,25740,FR
Fantastic Rubber Shoes,0716016965,Alexisview,04856,FR
Practical Fresh Gloves,+33 548867822,Deschampschester,65163,FR
Ergonomic Granite Computer,+33 462564971,North Charlotte,90528,FR
Licensed Frozen Fish,+33 672413060,Legrandton,16761,FR
Licensed Steel Chicken,+33 736811363,Raphaëlmouth,04097,FR
Handcrafted Concrete Pants,+33 131168395,Maelmouth,48464,FR
Gorgeous Wooden Tuna,0119619363,East Arthur,37761,FR
Licensed Plastic Pizza,+33 664013740,Lake Lenamouth,15046,FR
Handmade Soft Gloves,0165956812,Charpentierport,01832,FR
Unbranded Fresh Pants,+33 289770123,Lauraborough,05100,FR
Practical Rubber Sausages,+33 385585006,Fournierton,10176,FR
Handmade Concrete Chair,+33 488783660,Chevalierville,49412,FR
Rustic Frozen Soap,0751949462,Ambrebury,01072,FR
Intelligent Frozen Table,+33 221475922,South Maelside,00641,FR
Intelligent Granite Shoes,0556461549,North Baptiste,12090,FR
Unbranded Rubber Chair,0580887534,East Noachester,66962,FR
Gorgeous Fresh Sausages,0190939443,Benoitchester,,IN
Licensed Steel Bike,+33 719725339,Jeannebury,58236,FR
Sleek Steel Computer,+33 245414809,West Lisa,30391,FR
Generic Wooden Computer,+33 647531976,North Valentinport,29286,FR
Fantastic Concrete Shirt,0420344399,East Lounaborough,61705,FR
Handcrafted Soft Computer,0617287918,New Inesborough,,MD
Licensed Wooden Chair,0161245066,Carreshire,27135,FR
Tasty Rubber Mouse,+33 653177781,Justineview,61498,FR
Rustic Rubber Shirt,+33 264718656,Océanefort,,PN
Rustic Plastic Shirt,+33 731133147,Port Victor,78257,FR
Tasty Frozen Soap,+33 213254314,Rivierestad,02897,FR
Fantastic Fresh Towels,+33 548452734,Camilleburgh,86749,FR
Gorgeous Soft Soap,0741201337,South Alexis,72681,FR
Refined Wooden Ball,0586771159,Port Océane,68081,FR
Practical Frozen Table,+33 350741308,North Julien,22759,FR
Sleek Soft Table,0654992686,Louisfort,,PA
Incredible Steel Sausages,+33 796571191,West Lisaview,62104,FR
Practical Wooden Shirt,0772337705,Quentinberg,55727,FR
Rustic Steel Fish,+33 193560454,Dupontton,58555,FR
Licensed Concrete Mouse,+33 212021289,Deschampshaven,92178,FR
Licensed Metal Car,+33 377074550,Charlottebury,87152,FR
Rustic Metal Pizza,0642846514,South Céliastad,25837,FR
Unbranded Granite Shoes,+33 340911816,New Juliette,76504,FR
Small Steel Table,+33 213873319,North Sacha,79288,FR
Unbranded Fresh Gloves,+33 652462766,Alicestad,09211,FR
Sleek Wooden Soap,0592430817,Noahaven,11254,FR
Rustic Fresh Sausages,+33 215535836,North Maëlys,60690,FR
Practical Frozen Shoes,+33 442779272,Bertrandmouth,62011,FR
Awesome Wooden Bacon,0431200368,Rogertown,62664,FR
Intelligent Steel Keyboard,0412723624,Julienbury,48041,FR
Licensed Concrete Hat,0331128708,New Pauline,92933,FR
Gorgeous Rubber Mouse,0313674260,Lake Louis,66603,FR
Intelligent Wooden Computer,0401793548,East Mathisshire,86618,FR
Gorgeous Plastic Table,0196191829,East Céliaburgh,32304,FR
Unbranded Concrete Bacon,+33 363036141,Léotown,37063,FR
Ergonomic Soft Shirt,0411260261,West Noah,06459,FR
Small Granite Salad,+33 286999773,New Lilou,83395,FR
Generic Frozen Table,+33 741231539,Lake Quentin,66005,FR
Awesome Fresh Bike,0787011788,Camilleberg,92421,FR
Gorgeous Plastic Bike,+33 228439608,Aubrymouth,48210,FR
Incredible Metal Chips,+33 702539104,Rousseauland,40081,FR
Practical Steel Table,0585666782,Dupuisport,59514,FR
Incredible Wooden Chips,+33 553650469,Guillaumeville,,MA
Incredible Soft Table,+33 381016339,North Ambremouth,09237,FR
Intelligent Soft Shoes,0515656436,East Léastad,19509,FR
Tasty Granite Chair,0545488281,Lake Lisa,40587,FR
Generic Fresh Fish,0411426858,Cousinport,76202,FR
Practical Frozen Soap,+33 579092261,West Maëlys,31206,FR
Practical Granite Fish,0221188220,Robinmouth,84005,FR
Licensed Steel Gloves,+33 352686985,Lake Camille,45221,FR
Practical Steel Hat,0218872758,Sachaland,82657,FR
Small Steel Bike,0416125079,Juliettechester,52364,FR
Sleek Frozen Salad,+33 423874676,Rousseauland,48447,FR
Ergonomic Fresh Pants,+33 427547649,East Ambre,,SB
Incredible Metal Chair,+33 317955206,South Raphaël,35117,FR
Sleek Granite Table,+33 362006396,Aubryburgh,54644,FR
Gorgeous Metal Gloves,+33 146747227,Vincentberg,44899,FR
Awesome Metal Pizza,0189935035,Bergerberg,16731,FR
Generic Plastic Shoes,0212084092,East Charlotte,44236,FR
Licensed Rubber Keyboard,+33 127060444,Romaintown,21942,FR
Gorgeous Cotton Pants,+33 504496814,South Victorside,93451,FR
Refined Wooden Gloves,0731704343,Océaneside,18788,FR
Sleek Rubber Computer,0798653055,North Léo,39925,FR
Gorgeous Soft Chair,0413984833,Mathildetown,29905,FR
Intelligent Granite Hat,+33 125583675,Fernandezview,54595,FR
Sleek Metal Car,0270327432,Petitside,21664,FR
Licensed Soft Sausages,0309501456,Perezmouth,90033,FR
Practical Steel Ball,+33 393285003,South Lou,00624,FR
Ergonomic Soft Ball,+33 167245726,Blanchardstad,,SE
Gorgeous Steel Keyboard,+33 504181194,North Yaniston,96105,FR
Incredible Cotton Soap,0744316733,North Louiseport,20863,FR
Incredible Fresh Towels,0694790508,West Céliaview,96777,FR
Ergonomic Fresh Chicken,+33 339198616,Blancside,95043,FR
Sleek Granite Sausages,0525745829,North Baptiste,75886,FR
Unbranded Soft Cheese,+33 769707733,Benjaminbury,85206,FR
Fantastic Soft Keyboard,0314695861,Sachastad,60265,FR
Intelligent Steel Towels,+33 309983496,East Sacha,23037,FR
Incredible Granite Fish,+33 675425696,Dupuyberg,56584,FR
Sleek Frozen Pizza,+33 205822671,North Lisaland,,SH
Sleek Fresh Pizza,+33 668557870,Charlottechester,50291,FR
Incredible Cotton Car,0144878275,Lake Louna,62583,FR
Rustic Soft Bike,0210287961,East Charlotte,46488,FR
Rustic Metal Sausages,+33 483759394,Noafurt,61857,FR
Handcrafted Fresh Chicken,+33 619654366,Royhaven,85604,FR
Handmade Soft Computer,+33 635296416,East Sachamouth,,AS
Rustic Fresh Keyboard,0103296840,Maxenceside,,CR
Fantastic Metal Pizza,0586480205,East Emilie,49342,FR
Incredible Rubber Keyboard,0219787355,East Mélissaland,83140,FR
Ergonomic Soft Chips,0795354629,Port Carla,34620,FR
Sleek Fresh Sausages,0353837393,East Kylian,08398,FR
Awesome Granite Bacon,0425483477,Martyborough,47934,FR
Refined Rubber Mouse,0586469432,North Lola,62963,FR
Gorgeous Fresh Fish,+33 641349848,South Lisastad,25136,FR
Generic Frozen Car,+33 559725979,Lake Lucasborough,14965,FR
Intelligent Concrete Pants,+33 713332385,Garnierton,86140,FR
Rustic Steel Gloves,0779790040,Maximeborough,38198,FR
Handmade Steel Chips,0116693554,Fabreview,91225,FR
Tasty Granite Keyboard,+33 141230376,West Adrien,42189,FR
Generic Plastic Mouse,0248377831,South Noahtown,06305,FR
Intelligent Frozen Table,0696095761,Port Mélissa,98903,FR
Licensed Steel Table,0763283621,New Evaburgh,35536,FR
Sleek Metal Sausages,+33 239677323,South Lounaside,37134,FR
Refined Steel Bacon,+33 604788278,East Nathanhaven,,SK
Unbranded Plastic Bike,+33 257646443,Adammouth,36016,FR
Rustic Fresh Sausages,0270838339,South Laura,86708,FR
Incredible Frozen Gloves,+33 303903782,Reyberg,16114,FR
Handmade Wooden Towels,0332725184,South Valentinmouth,97083,FR
Small Frozen Pants,+33 662041093,Port Clément,87711,FR
Sleek Plastic Table,+33 113165171,Colinton,,BF
Practical Fresh Chicken,0589790020,West Louisfurt,66727,FR
Gorgeous Soft Towels,+33 267950035,Zoeview,49383,FR
Incredible Frozen Chips,+33 730005366,Gerardmouth,43428,FR
Rustic Wooden Keyboard,+33 651957978,Robertview,,AO
Small Frozen Fish,+33 439317385,Charlotteberg,63963,FR
Small Wooden Pizza,+33 278774835,Meunierton,52620,FR
Handmade Concrete Bacon,0751993309,Emilieport,20193,FR
Sleek Cotton Hat,+33 557963284,Sachaview,04163,FR
Tasty Rubber Bike,0670131231,Lisatown,38672,FR
Incredible Granite Bike,+33 515317948,New Elisa,21912,FR
Practical Fresh Towels,+33 683506184,West Noahbury,17997,FR
Handmade Wooden Chair,0794778900,Fleuryside,54843,FR
Ergonomic Plastic Bacon,+33 610834860,Port Ethanport,51327,FR
Unbranded Cotton Salad,0148799812,Liloufurt,83242,FR
Handcrafted Frozen Shirt,0432076901,Aliciaburgh,04084,FR
Ergonomic Rubber Bacon,0712111380,Henrymouth,,TT
Intelligent Plastic Soap,+33 210043431,South Louiseton,57564,FR
Ergonomic Metal Salad,0438526552,Lauratown,79157,FR
Fantastic Metal Shirt,0346376184,Marchalstad,10711,FR
Sleek Soft Bike,+33 621576331,Lemoineport,96967,FR
Ergonomic Steel Computer,+33 664885986,New Antoineberg,52911,FR
Awesome Frozen Keyboard,+33 789499452,North Thomas,36188,FR
Licensed Rubber Chair,0140184783,Victorshire,24168,FR
Practical Cotton Keyboard,0757236009,New Mélissa,,KG
Practical Soft Tuna,+33 697059235,Loumouth,93726,FR
Intelligent Steel Shoes,0451451849,East Sachafort,03220,FR
Practical Granite Hat,0608919084,Fontainemouth,21857,FR
Fantastic Cotton Keyboard,0688861208,Aubryville,84278,FR
Small Fresh Chips,+33 276845209,Clémentstad,25185,FR
Ergonomic Steel Table,+33 142425074,East Maxencechester,26408,FR
Intelligent Granite Pizza,+33 566104235,North Maximefort,81432,FR
Handcrafted Concrete Pants,0255505378,Durandville,,ZM
Unbranded Wooden Car,+33 282684562,Lambertborough,59372,FR
Handcrafted Granite Keyboard,+33 133703714,West Mariemouth,77449,FR
Intelligent Soft Table,0192597720,Philippebury,16916,FR
Sleek Rubber Gloves,0566780264,Lucasfort,29305,FR
Handmade Wooden Shoes,0776245962,Louton,55768,FR
Generic Frozen Salad,+33 162213948,Colinfort,60704,FR
Fantastic Concrete Chair,+33 193768721,Massonstad,53391,FR
Refined Rubber Mouse,0798477595,West Hugoborough,,SC
Practical Concrete Soap,0136232294,Port Julien,91269,FR
Awesome Concrete Ball,+33 222596905,Port Nicolasland,59899,FR
Sleek Cotton Gloves,0704449429,Julienstad,47553,FR
Handmade Cotton Tuna,0361572873,New Noahaven,,ME
Tasty Soft Chicken,+33 420443788,Port Pierre,39436,FR
Gorgeous Cotton Towels,+33 523465869,Meunierstad,88119,FR
Ergonomic Rubber Table,+33 352051229,Renardfurt,61113,FR
Handmade Cotton Fish,+33 704240659,East Louise,94941,FR
Tasty Cotton Hat,0357082920,South Kylianport,47713,FR
Incredible Frozen Car,0590868389,New Alexandreshire,63689,FR
Tasty Wooden Fish,0501889311,East Yanis,18551,FR
Licensed Metal Salad,+33 573568480,Port Laura,60181,FR
Sleek Fresh Chips,0101950245,North Jeannestad,61019,FR
Incredible Steel Hat,+33 199381277,New Kylian,15373,FR
Handcrafted Plastic Chips,+33 149801650,East Raphaël,35828,FR
Practical Fresh Computer,+33 567943655,East Théo,12520,FR
Tasty Wooden Computer,+33 512757829,Maximemouth,71184,FR
Practical Frozen Bike,+33 565940235,South Mathéoshire,43906,FR
Refined Wooden Chair,+33 574212405,Port Valentin,17758,FR
Generic Steel Pizza,+33 628648573,Alexandrefort,23172,FR
Licensed Steel Ball,+33 368129422,Mélissaberg,00451,FR
Handcrafted Fresh Fish,+33 254860198,North Arthur,97406,FR
Ergonomic Rubber Keyboard,+33 196654600,Fleurybury,50382,FR
Unbranded Soft Tuna,0679137232,North Justinechester,92285,FR
Awesome Cotton Chicken,0536091240,Leclercview,21497,FR
Incredible Wooden Chicken,+33 511911137,Adrienton,75287,FR
Tasty Metal Table,+33 698767248,West Paulmouth,62289,FR
Awesome Wooden Pants,0671067418,New Louisview,29999,FR
Incredible Concrete Sausages,+33 798137484,Mathéostad,50747,FR
Incredible Frozen Sausages,+33 411185637,Port Pierre,35453,FR
Handmade Rubber Chips,0256756269,New Mathilde,,AS
Gorgeous Plastic Fish,0619760969,Manonshire,94150,FR
Licensed Rubber Chicken,+33 685171642,South Jeanneshire,72508,FR
Incredible Concrete Tuna,+33 589011110,Louisfort,93001,FR
Handcrafted Rubber Pizza,+33 620741602,Yaniston,05548,FR
Rustic Soft Chicken,0171478667,Charlesmouth,61548,FR
Tasty Fresh Bacon,+33 332122446,New Lolaburgh,,NL
Ergonomic Soft Towels,0398471853,Reyville,29996,FR
Handmade Granite Shoes,+33 372113380,North Noahhaven,58100,FR
Sleek Metal Table,+33 752890457,Clarafort,53535,FR
Practical Soft Shirt,0183929137,Prevostmouth,78450,FR
Rustic Concrete Bacon,0123621023,Léabury,77596,FR
Licensed Rubber Gloves,+33 137818376,West Léo,94518,FR
Tasty Soft Shirt,0234340156,North Raphaëlside,18952,FR
Gorgeous Plastic Pants,+33 218241243,South Paulinestad,56202,FR
Rustic Wooden Soap,0478534229,Fontainefort,15980,FR
Ergonomic Frozen Computer,0294852091,Lecomtechester,58280,FR
Ergonomic Cotton Tuna,+33 726972587,Port Anaïsstad,30021,FR
Awesome Frozen Pizza,+33 414923993,Lake Baptistemouth,,ZW
Practical Fresh Ball,+33 654546717,Mathéotown,,KM
Fantastic Granite Keyboard,0319815803,Da silvaton,04183,FR
Small Granite Salad,+33 711420281,Lake Thomas,57183,FR
Handmade Frozen Chips,+33 555762025,Rousseaumouth,07005,FR
Rustic Metal Hat,0530523033,Menardshire,91570,FR
Gorgeous Fresh Chair,0304842408,Lake Axel,,KZ
Refined Frozen Chair,0734295640,Lucasville,59349,FR
Sleek Granite Computer,0205070981,North Evaborough,24692,FR
Generic Concrete Car,0274614793,New Lolastad,70806,FR
Refined Frozen Tuna,+33 680207597,North Alexisstad,54526,FR
Refined Granite Sausages,+33 163273442,Fleuryhaven,55514,FR
Handcrafted Cotton Chicken,+33 379173540,Paulineville,49118,FR
Handmade Frozen Fish,+33 775727019,Anaïsmouth,,GG
Awesome Plastic Sausages,0174252397,Legrandtown,33432,FR
Ergonomic Metal Keyboard,+33 359212999,Evanburgh,08286,FR
Awesome Steel Chicken,+33 101527927,Céliaville,87693,FR
Gorgeous Metal Pants,0714662695,East Manonland,58241,FR
Licensed Granite Keyboard,0131407040,Lecomtefort,,ZW
Small Frozen Salad,+33 536431920,Port Thomasside,80140,FR
Refined Metal Ball,0463828383,South Marie,99835,FR
Licensed Metal Bacon,0333845732,North Aliciastad,61256,FR
Handcrafted Frozen Bike,+33 368939476,Port Pauline,67685,FR
Fantastic Cotton Chicken,0482723800,Lake Arthurview,53230,FR
Gorgeous Plastic Sausages,+33 695877935,Louisville,45440,FR
Awesome Frozen Ball,0317985625,Antoinemouth,33737,FR
Awesome Steel Pizza,0576530753,Carpentierside,19707,FR
Rustic Plastic Hat,+33 270602789,Lake Clémence,,EE
Generic Soft Chips,+33 470317215,Guyothaven,78804,FR
Practical Rubber Tuna,0249983182,Renaudmouth,07198,FR
Incredible Cotton Chips,+33 497501025,Charlottestad,86250,FR
Awesome Concrete Bacon,+33 442620767,Port Romainside,69785,FR
Unbranded Granite Chair,+33 222675117,Noémiehaven,74381,FR
Generic Granite Keyboard,+33 632895083,South Elisaborough,,FM
Licensed Metal Shirt,0750487535,North Eva,75061,FR
Rustic Steel Bacon,0166125879,West Romain,02724,FR
Handcrafted Fresh Chair,0160032369,Brunetbury,60405,FR
Incredible Soft Bike,0292987293,Lake Enzostad,97647,FR
Tasty Metal Keyboard,+33 436784476,Port Chloé,15926,FR
Refined Fresh Gloves,0385364519,Mohamedport,03849,FR
Refined Concrete Shoes,+33 495071598,Jadeborough,53656,FR
Ergonomic Frozen Keyboard,+33 512591180,Céliaton,99045,FR
Awesome Plastic Sausages,+33 421082934,Lake Manonmouth,28174,FR
Practical Steel Table,+33 111596528,Liloushire,84394,FR
Sleek Concrete Shirt,0188359734,Brunbury,97414,FR
Rustic Frozen Hat,+33 471591369,Parischester,28971,FR
Gorgeous Rubber Bacon,0150547946,Port Axel,73808,FR
Refined Frozen Car,0258229126,Léoside,14759,FR
Small Frozen Towels,+33 554444762,Gauthierstad,06747,FR
Intelligent Metal Bike,0502855709,Adamton,57117,FR
Generic Concrete Chair,0250672765,South Manon,03405,FR
Fantastic Cotton Shirt,0762778828,Gerardmouth,57189,FR
Awesome Rubber Chair,+33 148934418,East Maëlysfort,65596,FR
Tasty Fresh Salad,+33 735984896,Lake Noahburgh,47873,FR
Handmade Steel Bacon,+33 569274076,West Maelmouth,46694,FR
Tasty Soft Salad,+33 571597933,Bonnetton,39033,FR
Gorgeous Rubber Table,+33 465276946,West Lina,79120,FR
Rustic Metal Computer,0412868172,New Lisa,47976,FR
Fantastic Steel Shirt,+33 124697235,Port Noémieside,,ID
Licensed Wooden Gloves,+33 597187645,Renaudchester,86034,FR
Refined Frozen Ball,+33 393173868,East Luciemouth,52370,FR
Licensed Cotton Chips,+33 375767032,West Léaland,49124,FR
Generic Granite Chicken,0710685196,Guerinland,,MM
Small Soft Table,+33 359579341,West Lucasfort,40466,FR
Rustic Granite Keyboard,0310427014,Juliettemouth,39387,FR
Fantastic Concrete Shirt,+33 249033172,Chloébury,68807,FR
Sleek Steel Chair,+33 482831074,Kylianberg,53867,FR
Fantastic Metal Pants,+33 234949698,Port Adam,98141,FR
Unbranded Cotton Computer,0131998042,North Sarahfurt,17612,FR
Incredible Soft Towels,+33 385839556,Renaultstad,94003,FR
Awesome Cotton Tuna,0711075498,Maxencehaven,60329,FR
Sleek Wooden Gloves,0113518277,Mathismouth,05155,FR
Awesome Plastic Fish,0656449888,Duvalshire,62543,FR
Intelligent Plastic Table,0441538455,Nicolasbury,,MV
Tasty Cotton Gloves,+33 765294608,Lake Louise,16670,FR
Practical Cotton Chicken,0177339448,Lake Noah,49160,FR
Tasty Soft Towels,+33 595644247,Baptistechester,18669,FR
Intelligent Concrete Fish,+33 161797086,Mélissaberg,82464,FR
Handcrafted Wooden Sausages,0502356869,New Mathisberg,77624,FR
Licensed Wooden Pants,+33 155659511,Benjaminton,05657,FR
Awesome Fresh Chips,0309291301,Mathieuchester,75844,FR
Small Frozen Ball,0228066501,Lake Claraburgh,11922,FR
Incredible Steel Bacon,+33 268645950,Moreauport,08155,FR
Unbranded Steel Salad,+33 559362835,North Adamport,00751,FR
Licensed Soft Hat,+33 693775867,New Marie,21260,FR
Ergonomic Wooden Bike,+33 367035398,Léaside,76785,FR
Licensed Metal Hat,0132528561,Andrefurt,03536,FR
Tasty Rubber Ball,0238165364,Alicialand,01195,FR
Licensed Steel Pizza,0659999301,New Justinemouth,89044,FR
Tasty Steel Gloves,0533186236,West Thomasberg,25700,FR
Small Concrete Hat,0506390271,Evaville,27302,FR
Handmade Fresh Salad,0463086639,Gonzalezbury,27143,FR
Rustic Steel Hat,+33 790949175,Dupuystad,67972,FR
Licensed Cotton Tuna,+33 654259624,New Rayanberg,67075,FR
Sleek Fresh Computer,+33 311283017,Anaïsview,09164,FR
Intelligent Rubber Bacon,0640076384,Paulineton,,SX
Handcrafted Rubber Car,+33 720548608,Lake Mathéo,,MX
Practical Rubber Table,0665493101,Robinmouth,34710,FR
Tasty Plastic Chips,+33 724098768,East Paulinetown,73598,FR
Practical Plastic Gloves,+33 353677281,Evanhaven,38084,FR
Refined Soft Car,0730050339,North Zoechester,,DO
Gorgeous Steel Tuna,0674845104,Raphaëlstad,35575,FR
Small Granite Chair,0788852451,Port Louville,58270,FR
Handcrafted Cotton Shirt,0747680851,South Paul,35244,FR
Handmade Granite Pants,+33 716088163,South Adamshire,05071,FR
Refined Frozen Soap,0446206634,South Valentinchester,24261,FR
Handcrafted Fresh Salad,0730683420,Raphaëlport,37805,FR
Practical Granite Towels,+33 572942762,New Emilietown,88756,FR
Rustic Concrete Ball,0531579894,Paulinehaven,,KR
Intelligent Soft Bacon,+33 508517288,Dufourfort,10354,FR
Handcrafted Wooden Fish,+33 647291434,Chevaliermouth,58168,FR
Practical Frozen Chips,0540901686,Lerouxville,77003,FR
Generic Rubber Bacon,0555162269,Port Juliettefurt,28042,FR
Handcrafted Plastic Ball,0467716772,Lerouxtown,72293,FR
Sleek Steel Cheese,0256265490,West Ambre,38514,FR
Handcrafted Plastic Shirt,+33 633538043,Remyfurt,70319,FR
Licensed Cotton Towels,+33 739187194,Camillechester,22097,FR
Awesome Wooden Keyboard,+33 173897636,Lake Jeanne,88738,FR
Awesome Wooden Pizza,+33 256912262,Ponstown,90895,FR
Awesome Concrete Hat,0265789298,Julienside,57483,FR
Small Frozen Gloves,0463571613,Léachester,78687,FR
Handcrafted Cotton Car,+33 468210375,North Théoview,81668,FR
Gorgeous Metal Chair,+33 415867552,North Luciemouth,44902,FR
Gorgeous Wooden Hat,+33 331572838,South Lolaport,72539,FR
Refined Metal Pizza,+33 708673877,Duboismouth,91743,FR
Unbranded Fresh Ball,0556841386,Alexismouth,07630,FR
Awesome Steel Pizza,0718428663,Port Jade,95680,FR
Small Soft Salad,+33 313416896,Clémenttown,14148,FR
Ergonomic Plastic Cheese,+33 506013733,South Maxime,72199,FR
Rustic Concrete Pizza,0271630723,Lake Alexandreville,93964,FR
Tasty Rubber Salad,0752793579,Blancton,09732,FR
Intelligent Plastic Shirt,+33 700562489,New Clara,,ET
Tasty Frozen Computer,0241681004,Renaudland,86324,FR
Gorgeous Plastic Chips,+33 689888905,Laurentside,13517,FR
Unbranded Concrete Computer,0244680637,West Clara,26587,FR
Sleek Granite Hat,+33 712753095,Gauthierland,32233,FR
Handcrafted Rubber Ball,0173636417,Lake Alice,88668,FR
Sleek Plastic Computer,0131329753,Bourgeoisland,05801,FR
Fantastic Cotton Shoes,+33 132821208,Benoittown,,ES
Gorgeous Fresh Shoes,+33 253815810,Port Maxime,26057,FR
Sleek Frozen Mouse,0555761273,Bretonbury,74497,FR
Handcrafted Steel Soap,+33 481296662,North Noamouth,64805,FR
Incredible Plastic Bike,0322151168,Port Mathis,68813,FR
Small Plastic Salad,+33 458163027,Bergershire,76656,FR
Ergonomic Rubber Salad,0510032160,Vincentbury,64224,FR
Refined Wooden Ball,0638711667,Julietteville,91871,FR
Handcrafted Frozen Tuna,0244034127,Adrienbury,14904,FR
Incredible Frozen Chair,+33 387785560,Bernardland,93540,FR
Intelligent Granite Sausages,0703025112,Lake Ambre,,JM
Generic Soft Salad,0744103752,New Tom,45478,FR
Handcrafted Rubber Mouse,0373675063,East Léoview,96242,FR
Licensed Plastic Pizza,+33 386084911,South Rayan,60255,FR
Awesome Steel Tuna,0791368453,West Clara,51860,FR
Refined Metal Keyboard,+33 501253454,New Léobury,42964,FR
Intelligent Plastic Mouse,0240029766,Carlaberg,53105,FR
Practical Rubber Table,+33 635256334,Arthurbury,02827,FR
Handmade Soft Pants,+33 531828037,North Nathan,,AQ
Practical Cotton Shirt,0459014906,Davidside,74688,FR
Refined Steel Table,+33 511540770,East Justine,20658,FR
Fantastic Granite Fish,+33 791737857,Rivierefort,57837,FR
Ergonomic Plastic Pants,0467751257,South Clarastad,69059,FR
Tasty Steel Mouse,0585181968,East Léohaven,17333,FR
Sleek Frozen Bike,+33 565136276,West Lucas,18642,FR
Intelligent Plastic Salad,0351223862,Mohamedborough,91881,FR
Rustic Cotton Pants,0398606800,North Benjamin,82178,FR
Incredible Concrete Fish,0372524735,Loufort,27454,FR
Incredible Steel Bacon,+33 103700673,South Lolaport,57688,FR
Intelligent Rubber Gloves,0192359980,Rogerborough,03982,FR
Handcrafted Soft Car,+33 243646608,Port Ambre,32535,FR
Refined Steel Pants,0381733631,East Kylianside,51954,FR
Handcrafted Soft Computer,+33 460164646,North Nathanhaven,21707,FR
Practical Concrete Pants,+33 533039261,Barbierville,01981,FR
Sleek Cotton Bacon,0445126450,Meyerville,78890,FR
Awesome Wooden Shirt,0608515822,Garciaview,30379,FR
Refined Rubber Bacon,0564960743,New Arthur,62387,FR
Rustic Steel Car,+33 242621310,New Océane,,NR
Licensed Metal Bike,0572256719,Nguyenburgh,01084,FR
Intelligent Steel Towels,0190058019,Meunierfurt,72884,FR
Rustic Steel Bike,+33 339547287,New Lena,75669,FR
Generic Metal Tuna,0343302872,Dupuyland,67832,FR
Practical Concrete Gloves,0737435311,Dufourtown,80716,FR
Licensed Granite Bike,0261807602,Port Maëlysstad,86551,FR
Tasty Concrete Bike,+33 439040087,Dufourchester,62270,FR
Handcrafted Metal Shirt,0437512199,New Noahhaven,28891,FR
Awesome Wooden Gloves,0735172237,Robinburgh,97365,FR
Unbranded Rubber Chips,+33 712067741,West Camillestad,75959,FR
Intelligent Steel Gloves,+33 781344116,Bonnetfort,55190,FR
Incredible Rubber Gloves,+33 768807575,Liloumouth,39103,FR
Handcrafted Frozen Sausages,+33 128359518,Kylianstad,86182,FR
Awesome Plastic Computer,+33 674832793,Lake Benjaminside,01528,FR
Gorgeous Frozen Soap,+33 100701685,South Raphaëlview,53982,FR
Generic Soft Car,0235740842,South Ambre,27136,FR
Fantastic Frozen Keyboard,0698631628,Rollandbury,20593,FR
Ergonomic Rubber Ball,0478650162,Lake Camilleshire,32475,FR
Fantastic Soft Tuna,+33 795276500,Port Baptiste,84215,FR
Small Metal Chips,0378951309,Lake Alexandretown,03992,FR
Generic Cotton Sausages,+33 635459458,South Pierre,60806,FR
Licensed Cotton Chips,0586959756,North Lucasstad,28481,FR
Handmade Concrete Table,+33 465199940,Lambertmouth,75111,FR
Handmade Metal Keyboard,+33 180934423,West Baptiste,65955,FR
Handcrafted Fresh Chips,0210473691,Petittown,65067,FR
Fantastic Cotton Pizza,0215947878,Paulinestad,65506,FR
Gorgeous Steel Ball,+33 178078935,North Laura,29022,FR
Tasty Cotton Sausages,0398260302,Port Clémenceton,80655,FR
Incredible Cotton Shirt,0649541973,Prevosttown,,KP
Awesome Concrete Shirt,+33 693923525,Maëlleport,42867,FR
Small Frozen Mouse,0175014534,East Maevafort,51371,FR
Ergonomic Wooden Towels,+33 184855121,Nguyentown,17687,FR
Small Fresh Mouse,0683536735,Perrotfurt,,MD
Unbranded Cotton Chips,+33 698316649,Julienton,12368,FR
Handmade Fresh Mouse,+33 795131950,East Laura,09060,FR
Awesome Frozen Car,+33 519744018,Anaïstown,52149,FR
Fantastic Metal Pizza,0383090818,South Evan,45265,FR
Tasty Metal Salad,+33 552768709,Yanisside,57821,FR
Practical Fresh Chair,0600468731,Yanisstad,56722,FR
Rustic Plastic Salad,0606028425,Baptistefurt,73830,FR
Fantastic Steel Keyboard,0172332414,North Tom,76323,FR
Gorgeous Plastic Bike,0194635189,Richardborough,19393,FR
Gorgeous Granite Car,+33 455028269,Lake Lisa,80335,FR
Generic Cotton Tuna,0502435565,Charpentierfurt,39546,FR
Licensed Plastic Bacon,0212388798,Port Mélissahaven,14284,FR
Ergonomic Steel Car,+33 145610648,Petitview,74680,FR
Generic Cotton Chicken,+33 580228451,Luciemouth,64826,FR
Handcrafted Plastic Computer,0309267476,Anaïsburgh,,CY
Awesome Frozen Car,0208498913,Mathildemouth,37532,FR
Incredible Rubber Towels,0334266200,Garnierport,04243,FR
Practical Metal Fish,+33 159229495,East Jade,,BY
Incredible Soft Bacon,0476207309,Romanemouth,18849,FR
Tasty Wooden Pizza,0564890812,East Aliceport,19703,FR
Sleek Cotton Tuna,0636233806,Henryshire,45480,FR
Awesome Steel Car,+33 359182975,North Lilou,38896,FR
Unbranded Plastic Sausages,+33 564905208,New Mathéo,88653,FR
Intelligent Concrete Pants,+33 179093324,New Raphaël,02993,FR
Awesome Cotton Soap,+33 352295480,Lake Clémence,91606,FR
Licensed Wooden Towels,0795369337,Antoineberg,05362,FR
Handmade Metal Table,+33 692399338,Sanchezmouth,69043,FR
Gorgeous Rubber Fish,0498128131,Lake Mathéotown,48856,FR
Tasty Frozen Bacon,0683419730,South Lucas,01216,FR
Fantastic Plastic Tuna,+33 443619856,West Axel,44508,FR
Awesome Rubber Sausages,0261709525,Nathanview,95754,FR
Awesome Granite Pants,+33 489793097,Port Mohamedhaven,45027,FR
Refined Wooden Towels,+33 207197297,North Emiliechester,09527,FR
Generic Cotton Shoes,0648479065,Port Antoine,31760,FR
Fantastic Soft Chair,0679427422,Laurentmouth,77899,FR
Handmade Cotton Gloves,+33 665121746,Ineston,03709,FR
Fantastic Plastic Bike,+33 502896652,Lake Lisa,80798,FR
Tasty Concrete Hat,0192868370,West Océane,27388,FR
Handmade Fresh Car,+33 799859074,Lucieport,02752,FR
Unbranded Wooden Ball,+33 490916807,Carreborough,56518,FR
Ergonomic Concrete Gloves,0314049573,Riviereland,95123,FR
Incredible Plastic Keyboard,0464935946,Lake Kylianmouth,,GE
Small Fresh Soap,+33 739102378,Charlotteville,30593,FR
Rustic Metal Chips,+33 341642476,North Hugo,49985,FR
Generic Fresh Car,0790649481,West Adamchester,96814,FR
Handmade Fresh Shoes,+33 539993089,North Maëlysport,,IS
Tasty Metal Keyboard,+33 439814957,Romainshire,27162,FR
Fantastic Granite Keyboard,+33 403690204,Célialand,41604,FR
Generic Wooden Bacon,0211726441,West Louischester,03952,FR
Handcrafted Concrete Computer,+33 631304374,Martinezfort,97360,FR
Intelligent Fresh Table,0586310315,Perezstad,83971,FR
Practical Concrete Car,0556717694,New Lilouburgh,,MZ
Awesome Fresh Sausages,+33 351023426,Gerardport,30055,FR
Tasty Concrete Keyboard,0572976586,West Nathan,21682,FR
Sleek Concrete Chair,0660787020,East Maevaview,50642,FR
Ergonomic Fresh Bike,0104025014,Jeanborough,05659,FR
Awesome Metal Shoes,0270977560,East Romanebury,93320,FR
Practical Wooden Chicken,0650097576,South Mélissaton,69147,FR
Small Fresh Chair,+33 442016469,New Chloé,39551,FR
Small Metal Keyboard,0552111701,Meunierburgh,86640,FR
Small Fresh Gloves,0501214303,Renaudberg,23645,FR
Ergonomic Concrete Pants,0453645615,North Maëlle,57429,FR
Small Granite Mouse,+33 773381202,West Louisberg,16945,FR
Generic Wooden Hat,0330401106,Port Clémentton,71245,FR
Handcrafted Frozen Chicken,0276299257,Luciefort,08088,FR
Awesome Soft Fish,0532946288,Guillotburgh,92056,FR
Practical Metal Pants,+33 643830986,Nguyenfort,81589,FR
Fantastic Metal Car,+33 328389415,East Lounaport,61571,FR
Gorgeous Steel Chips,0322015931,Bretonbury,41107,FR
Handcrafted Metal Car,+33 362868764,Arnaudtown,26725,FR
Intelligent Soft Table,0638802253,Brunhaven,49864,FR
Unbranded Plastic Chips,0583228840,New Léoville,32992,FR
Incredible Metal Fish,+33 263289517,East Nicolas,50395,FR
Small Plastic Bacon,+33 200066894,Juliettemouth,74262,FR
Unbranded Cotton Car,0437988042,West Maevaberg,24721,FR
Handcrafted Metal Soap,+33 588679240,Lake Paul,00996,FR
Small Metal Salad,0333996980,New Alice,26811,FR
Unbranded Frozen Chicken,+33 780242947,New Justine,,NP
Rustic Concrete Gloves,+33 618597970,Olivierville,19768,FR
Gorgeous Granite Pizza,+33 645196434,Lake Pierreberg,54861,FR
Fantastic Rubber Fish,+33 771559152,Garnierhaven,93937,FR
Practical Soft Pizza,+33 181418368,Robinmouth,90430,FR
Rustic Plastic Shirt,+33 551120695,Inesfurt,,GD
Ergonomic Fresh Chicken,0705249559,Lake Benjamin,81989,FR
Handcrafted Fresh Computer,+33 404858076,Lake Julienfurt,50244,FR
Intelligent Wooden Bacon,0184650418,Remyhaven,28264,FR
Handcrafted Soft Chips,0479110562,Olivierfort,18528,FR
Gorgeous Frozen Keyboard,+33 347877044,Nicolasmouth,72941,FR
Sleek Wooden Chips,0709149117,South Noabury,10041,FR
Sleek Steel Table,+33 324253698,South Noémieview,70792,FR
Refined Soft Car,+33 668566377,Lefebvreburgh,97309,FR
Gorgeous Soft Pants,0626960499,Benjaminberg,,ES
Rustic Rubber Gloves,+33 639990127,Lake Alicia,,AO
Sleek Plastic Salad,0408009331,Benjaminborough,,KR
Ergonomic Fresh Computer,+33 774184048,West Mathéo,76139,FR
Gorgeous Wooden Soap,0350883563,New Mathildetown,88400,FR
Handcrafted Granite Chicken,0614026128,Port Maelshire,92489,FR
Fantastic Metal Pizza,0352242435,Port Clara,78778,FR
Handcrafted Soft Ball,+33 514415288,Noamouth,62661,FR
Fantastic Concrete Computer,+33 515451424,New Lounaland,59138,FR
Refined Soft Hat,+33 508327928,East Jadeshire,81418,FR
Tasty Granite Mouse,+33 627320754,New Jade,82586,FR
Gorgeous Steel Hat,+33 105759587,Lake Maxime,88083,FR
Unbranded Frozen Chair,0734789142,East Zoe,,BH
Ergonomic Frozen Chicken,0422561943,Royland,09162,FR
Generic Soft Tuna,+33 134518456,Port Victor,08697,FR
Awesome Wooden Cheese,0632364532,East Louise,53412,FR
Intelligent Granite Pizza,+33 165375220,Mariechester,15525,FR
Fantastic Steel Pants,0493720041,Lake Clémentton,22590,FR
Refined Fresh Chips,0118583958,Lenastad,28655,FR
Handmade Metal Cheese,0331924503,Lake Yanis,79424,FR
Practical Fresh Bacon,+33 241675242,Gerardport,02740,FR
Practical Granite Table,+33 583331240,West Clémentmouth,83930,FR
Handmade Granite Gloves,+33 154158879,Guillotburgh,85412,FR
Practical Steel Pants,+33 544837278,Noelborough,26511,FR
Handcrafted Steel Pants,+33 222084130,Alexandreburgh,60627,FR
Incredible Soft Bacon,0512266772,Port Adrien,92022,FR
Ergonomic Rubber Sausages,0344886078,Garciamouth,,CU
Gorgeous Fresh Hat,+33 582468259,Arthurfurt,67488,FR
Licensed Cotton Table,+33 650323094,Lake Ethanport,45397,FR
Gorgeous Fresh Chips,+33 343580855,North Louisemouth,23278,FR
Refined Concrete Cheese,+33 270961699,Port Charlotte,64986,FR
Fantastic Fresh Computer,+33 554048612,New Maeva,71605,FR
Rustic Plastic Keyboard,0734662847,Lake Maxence,36555,FR
Rustic Metal Table,+33 341397996,Lucasbury,19625,FR
Handcrafted Cotton Mouse,+33 407807413,Port Paulineland,,AW
Unbranded Concrete Chair,+33 564365244,Bernardville,42643,FR
Tasty Granite Mouse,0581017637,Bertrandburgh,40914,FR
Licensed Rubber Table,0464554585,Liloumouth,19651,FR
Ergonomic Rubber Bike,+33 732771121,East Chloé,16511,FR
Tasty Metal Mouse,+33 116292746,East Claramouth,,VE
Refined Frozen Sausages,0198682916,Huberthaven,87738,FR
Intelligent Fresh Salad,+33 262439056,South Ethanberg,28434,FR
Licensed Cotton Cheese,0160999170,Lake Lou,,RW
Rustic Fresh Pizza,+33 696930342,Yanisstad,29119,FR
Awesome Granite Fish,+33 574855901,Quentinview,67899,FR
Ergonomic Plastic Tuna,0757180210,Lake Nicolas,,TK
Sleek Soft Chair,0341750364,Fourniermouth,03742,FR
Generic Concrete Chips,+33 723143089,Pierrechester,08449,FR
Intelligent Steel Shoes,+33 211138760,Fabrebury,14400,FR
Generic Cotton Computer,0472090569,West Mathéo,05985,FR
Generic Rubber Chair,+33 208342942,North Laurashire,41699,FR
Rustic Concrete Keyboard,+33 324508028,Lounabury,51559,FR
Small Fresh Chicken,0496964750,South Maëlleland,21137,FR
Gorgeous Soft Hat,0188783395,Julietteville,10676,FR
Generic Metal Soap,+33 514852162,Marchandland,,TN
Refined Granite Pizza,0204178910,West Mathéo,57474,FR
Sleek Soft Table,+33 404692428,Morinfort,37039,FR
Licensed Concrete Pants,+33 167179558,South Arthurfurt,81235,FR
Refined Concrete Ball,0567003714,Girardland,59261,FR
Awesome Frozen Salad,+33 284477323,West Paulview,84577,FR
Licensed Concrete Chicken,+33 168721453,Lake Alexis,46280,FR
Tasty Concrete Tuna,0508726795,Valentinmouth,41791,FR
Gorgeous Rubber Shoes,0680301165,Aliciatown,,ML
Refined Plastic Pants,+33 503882375,West Sarahville,90490,FR
Rustic Granite Fish,0735049105,Petitburgh,,IE
Refined Soft Chips,+33 196544812,South Paul,25732,FR
Gorgeous Metal Keyboard,0378017733,East Marie,75628,FR
Handmade Rubber Keyboard,0246923436,East Nathan,72429,FR
Gorgeous Rubber Chicken,0412537195,Hubertside,46605,FR
Incredible Fresh Shoes,+33 406265150,Port Charlotte,67703,FR
Handmade Wooden Towels,+33 201085205,East Noahstad,03519,FR
Unbranded Concrete Chair,0348702825,Julienborough,92842,FR
Intelligent Wooden Pants,0735972271,Bourgeoisside,84403,FR
Intelligent Wooden Towels,+33 204508656,Lake Mathéo,,CY
Generic Soft Hat,0575465051,Port Noémie,27809,FR
Refined Wooden Chips,0558880716,Aubryview,11925,FR
Licensed Cotton Soap,0245333461,Adrienstad,47596,FR
Small Frozen Gloves,+33 105037046,Alexishaven,21409,FR
Practical Wooden Computer,+33 419094206,Camilleport,61482,FR
Sleek Wooden Chips,0783574607,Lake Anaïs,03871,FR
Generic Metal Pants,+33 373015589,Arnaudmouth,58697,FR
Practical Plastic Hat,0448254120,Philippeside,12678,FR
Fantastic Frozen Shoes,0154066546,South Lounaland,71459,FR
Fantastic Metal Chips,+33 737027778,North Valentin,82785,FR
Generic Soft Pants,+33 580769273,East Yanis,,NE
Practical Rubber Table,+33 198364721,North Théoport,20578,FR
Awesome Wooden Pants,0439955061,Port Marie,42174,FR
Handcrafted Granite Computer,+33 690407681,Léaland,80018,FR
Rustic Metal Chair,+33 524851287,Lake Adrien,69578,FR
Intelligent Plastic Towels,0580998123,Rollandburgh,71089,FR
Handcrafted Granite Sausages,+33 756833734,West Evanhaven,45798,FR
Ergonomic Cotton Ball,0315767708,South Julie,58620,FR
Practical Rubber Soap,+33 632561367,Port Mathéo,,IO
Incredible Plastic Keyboard,0445580808,North Julesport,71161,FR
Gorgeous Concrete Gloves,+33 466135731,East Noahfurt,43905,FR
Awesome Cotton Fish,+33 430274692,Antoinestad,30324,FR
Fantastic Cotton Soap,0690323456,Port Elisafort,00278,FR
Handmade Steel Bacon,0652672180,Jacquetshire,59732,FR
Small Frozen Salad,+33 167026401,New Alexisfurt,72138,FR
Refined Soft Salad,0690295474,West Manonview,,RO
Practical Concrete Pizza,+33 338214142,East Rayan,24273,FR
Practical Metal Sausages,0144274546,Port Ambre,40097,FR
Handmade Rubber Salad,0309723955,Océanefort,46961,FR
Unbranded Fresh Salad,+33 101717545,Lake Clémence,93764,FR
Fantastic Granite Chicken,+33 683418812,Hugomouth,,LV
Rustic Soft Ball,0788367293,East Mathis,74364,FR
Incredible Fresh Chips,+33 127955201,Lambertton,22913,FR
Sleek Rubber Bike,+33 259435132,New Axelborough,49612,FR
Licensed Metal Gloves,+33 469896526,Port Mélissa,51073,FR
Incredible Plastic Table,+33 304293043,Aubertland,31549,FR
Generic Granite Chicken,+33 168156612,Port Emilie,45136,FR
Practical Concrete Pizza,+33 217307470,North Mohamedhaven,91122,FR
Gorgeous Metal Pants,0208215192,Mullerville,42872,FR
Intelligent Fresh Pizza,0739481066,Francoisbury,,NA
Gorgeous Plastic Towels,+33 383236526,New Alexis,23777,FR
Intelligent Frozen Table,+33 212680733,Richardfort,69686,FR
Refined Soft Ball,0114907144,East Carlaview,27285,FR
Handmade Metal Table,+33 528233187,Clémenceshire,,CR
Practical Plastic Chair,0498447490,Louismouth,,TF
Sleek Steel Mouse,0633903151,Barreburgh,46369,FR
Incredible Soft Sausages,0424995798,Arthurfurt,39830,FR
Awesome Granite Fish,+33 541285395,Gauthierville,,MM
Handmade Frozen Car,0428655128,Linatown,00131,FR
Gorgeous Wooden Table,+33 313163831,Rayanshire,15699,FR
Gorgeous Soft Computer,+33 513192311,Lopezland,57452,FR
Tasty Soft Pants,0275867190,Mullershire,23118,FR
Unbranded Cotton Sausages,+33 193395815,Port Romain,08507,FR
Awesome Soft Shirt,0564173626,West Enzofurt,33428,FR
Gorgeous Plastic Computer,+33 146638282,New Linamouth,37076,FR
Generic Metal Sausages,+33 651045785,Gautierview,23946,FR
Licensed Concrete Chair,0490613540,East Mathischester,80666,FR
Gorgeous Wooden Hat,0606018922,East Louisfurt,64795,FR
Generic Rubber Salad,0318233886,South Aliceborough,04458,FR
Handmade Soft Shirt,0372749983,Alexisview,62583,FR
Refined Metal Shoes,0238742745,West Enzo,17999,FR
Intelligent Metal Towels,+33 269278950,East Julienburgh,31953,FR
Rustic Steel Chips,0351822750,New Evaton,70306,FR
Refined Rubber Mouse,+33 660480721,New Lucashaven,71495,FR
Tasty Frozen Chips,+33 513660127,South Adrien,18046,FR
Rustic Metal Salad,+33 614894404,Lake Lou,97845,FR
Gorgeous Frozen Keyboard,+33 423974429,Davidberg,98603,FR
Unbranded Granite Salad,+33 437652222,New Arthurchester,11959,FR
Handmade Steel Pizza,+33 586218503,South Mathildeport,95859,FR
Unbranded Metal Mouse,0237990603,Arthurport,18962,FR
Intelligent Granite Sausages,0429729847,Carpentierport,56116,FR
Unbranded Fresh Hat,+33 212401415,East Maëlysside,59816,FR
Incredible Wooden Car,+33 527592566,West Léomouth,99279,FR
Tasty Fresh Gloves,0425778940,East Julie,79998,FR
Tasty Concrete Chicken,0388944105,Boyerfort,96933,FR
Unbranded Concrete Fish,0507204174,Rouxville,09942,FR
Generic Rubber Sausages,0398666454,Fleuryfort,21412,FR
Ergonomic Concrete Shoes,+33 505610099,Leclercfort,92088,FR
Gorgeous Cotton Bacon,+33 723407315,Marchandville,61418,FR
Sleek Granite Shoes,+33 381274439,Ethanton,59521,FR
Unbranded Frozen Hat,0600390385,Noémieville,13572,FR
Generic Granite Keyboard,0463831727,Bertrandberg,12533,FR
